行政區,型式,場名,位置,經度,緯度,大型車,小型車,機慢車,收費標準,管理者資訊
茄萣區,立體,"興達港
(地上)",民族路51號,120.194328,22.871711,0,140,0,計時(5元/半小時),"俥亭停車事業股份有限公司/服務電話：(07)6989439/
履約期間:108.12.17-112.9.30"
岡山區,立體,"岡山
(地上)",岡山區大仁北路3號,120.301913,22.800222,0,154,0,計次(20元/8小時),服務電話：(07)621-4039
鼓山區,立體,"美術館
(地上&平面)","美術館路82號
(立體333格，外圍平面61格)",120.285431,22.655661,0,394,0,計次(30元/6小時),服務電話：(07)522-4374
鼓山區,立體,"鼓山國小
(地下)",鼓山區登山街與壽山街口旁,120.271732,22.624700,0,184,0,計時(15元/半小時),"歐特儀股份有限公司/服務電話：07-5316253/
履約期間：110.3.31-115.3.30"
左營區,立體,"海功
(地下)",海功路57號,120.297248,22.693528,0,506,0,計時(10元/半小時),"竑穗興業股份有限公司/服務電話：(07)5820597/
履約期間:107.1.1-111.12.31"
左營區,立體,"福山
(地下)",重信路35號,120.316536,22.683526,0,459,0,計時(5元/半小時),"詮營股份有限公司/服務電話：02-77310361/
履約期間:109.4.1-114.3.31"
三民區,立體,"十全
(地上)",十全路6號,120.314642,22.645086,0,208,0,計時(15元/半小時),"日月亭股份有限公司/(07)3807433/
履約期間109.1.21-114.1.20"
新興區,立體,"忠孝
(地下)",忠孝一路331號,120.306056,22.633395,0,568,0,計時(15元/半小時),"日月亭股份有限公司/服務電話：(07)235-1637/
履約期限:107.8.1-112.7.31"
新興區,立體,"民權輕鋼架
(地上)",民權一路221號,120.311551,22.623527,0,256,203,計時(15元/半小時),日月亭停車事業股份有限公司/服務電話：(07)229-2017/履約期間：110.11.1-115.10.31
新興區,立體,"財稅大樓
(地下)",中正三路25號,120.309858,22.630674,0,131,0,計時(15元/半小時),歐特儀股份有限公司/服務電話：07-2291941 /履約期間：111.7.1-116.6.30
前金區,立體,"自強
(地下)",文武一街65號,120.29344,22.631162,0,305,0,計時(15元/半小時),"歐特儀股份有限公司/服務電話：07-2150135/
履約期間：109.5.1-114.4.30"
鹽埕區,立體,"鹽埕
(地上)",大仁路10號,120.286378,22.624970,0,931,0,計時(15元/半小時),"俥亭停車事業股份有限公司/服務電話:07-5314002/
履約期間:108.10.1-112.9.30"
苓雅區,立體,"文化中心
(地下)",五福一路67號,120.318888,22.627123,0,830,0,計時(15元/半小時),"竑穗興業股份有限公司/服務電話：(07)225-3643/
履約期間:108.7.1~113.6.30"
苓雅區,立體,"凱旋
(地下)",凱旋二路130號,120.324037,22.625122,0,559,0,計時(10元/半小時),"歐特儀股份有限公司/服務電話：0933-103-225/
履約期間：110.4.1-115.3.31"
苓雅區,立體,"武廟
(地上)",輔仁路123號,120.332577,22.628847,0,121,180,計時(15元/半小時),"歐特儀股份有限公司/服務電話：07-7164421/
履約期間：109.5.9-114.5.8"
苓雅區,立體,"四維
(地上)",苓雅一路226號,120.311083,22.621429,0,819,1004,計時(15元/半小時),服務電話：(07)335-5062
前鎮區,立體,"盛興
(地下)",林森三路145號,120.308551,22.613565,0,382,0,計時(15元/半小時),服務電話：(07)331-5303
前鎮區,立體,"民權
(地下)",泰山街1號,120.315859,22.608298,0,479,0,計時(15元/半小時),"詮營股份有限公司/服務電話:02-77310370/
履約期間:109.10.1-114.9.30"
鳳山區,立體,"鳳山運動園區
(地下)",光華路68號,120.353817,22.621439,0,614,0,計時(15元/半小時),"日月亭股份有限公司/(07)7193409/
履約期間111.5.23-116.5.22"
鳳山區,立體,"五甲國宅社區
(地下)",國隆路6號(社區大公園地下1~2層),120.347375,22.616454,0,204,0,計次(30元/6小時),"日月亭停車事業股份有限公司/服務電話07-7636295/0902-380378
履約時間111.1.1~115.12.31"
小港區,立體,"小港
(地下)",小港路175號,120.338011,22.564404,0,219,0,計時(10元/半小時),"辰淵企業股份有限公司/服務電話：(07)815-9068/
履約期間:111.5.1-116.4.30"
小港區,立體,"小港自行車
(地上)",西部濱海公路250-260號,120.354409,22.564354,0,0,0,不收費,"歐特儀股份有限公司/服務電話：0903-030-408/
履約期間：110.4.1-115.3.31"
林園區,立體,"林園
(地上)",林園區林園南路77號,120.395874,22.502752,0,244,0,計時(5元/半小時),"竑穗興業股份有限公司/服務電話：(07)646-0526/
履約期間:108.7.1~113.6.30"
甲仙區,平面,甲仙,"一區：林森路70號旁(18格)
二區：成功洗衣店旁(17格)
三區：小林社區發展協會旁(13格)","120.587988
120.587394
120.635224","23.082862
23.082262
23.150325",0,56,0,不收費,-
杉林區,平面,日光小林社區,"A區：日光一街街底轉角(12格)
B區：忠義路底土地公廟旁(5格)",120.554136,22.980929,0,17,0,不收費,-
杉林區,平面,大愛園區,"A區:清水路中學巷（萊爾富杉林大愛店旁）(14格)
B區:和氣街二巷1號對面（杉林重生教會對面）(40格)
C區:合心路與互愛街口（66格）","120.542510
120.542328
120.539572","22.969360
22.966443
22.962941",27,120,0,不收費,環球大宇宙太陽能工業有限公司維護管理/服務電話：0980-889-269/履約期間:110.6.1-120.4.30
美濃區,平面,泰安,"A區：高雄客運對面泰安路旁(61格)
B區：中山路一段與建美路口(45格)","120.542015
120.542078","22.902712
22.901584",10,106,13,計次(30元/6小時),-
旗山區,平面,旗山轉運站,旗山轉運站旁,120.484760,22.884193,0,15,177,小型車計次(30元/6小時)、機車10元/日,和雲行動服務股份有限公司/服務電話:0800-024550；(02)25171453/履約期間:109.4.1-114.3.31
旗山區,平面,旗山體育場,旗山體育場旁,120.480725,22.887265,0,20,0,"平日：計次(30元/6小時)
假日：計時(15元/半小時)",-
旗山區,平面,旗山老街觀光,美濃溪高灘地,120.485622,22.888282,0,300,0,不收費,-
阿蓮區,平面,如意公園,大崗山入口意象園區(台19甲末端附近),120.334220,22.852038,10,247,187,不收費,-
阿蓮區,平面,南連,消防局第五大隊第一中隊阿蓮分隊旁邊,120.329948,22.879128,0,26,0,計次(30元/6小時),-
阿蓮區,平面,德宜,文學一街與成功街(柏園公園隔壁),120.332282,22.884719,0,36,0,計次(30元/6小時),-
大社區,平面,"自強街
(大社停一)",區公所對面自強街,120.346801,22.730015,0,28,0,計次(30元/6小時),-
大社區,平面,觀音山,翠屏路108巷及鹽埕巷交叉路口,120.370916,22.728090,0,108,26,假日計次50元/6小時,-
大樹區,平面,統嶺社區,"北側：佛光山寺對面（482格）
南側：佛光山寺對面(1116格)","120.448231
120.449294","22.756314
22.751448",0,1598,0,"平日：計次(30元/6小時)
假日：計時(15元/半小時)",佛光山寺無償公益認養
大樹區,平面,大樹舊鐵橋,大樹舊鐵橋濕地生態公園園區內西北側,120.427514,22.665424,0,154,0,計次(30元/6小時),-
大樹區,平面,九曲堂,久堂路、新社街,120.418761,22.658123,0,46,0,計次(30元/6小時),竑穗興業股份有限公司/服務電話:(07)2239489/履約期間:110.10.1-115.9.30
湖內區,平面,長壽,長壽路128號對面,120.242858,22.884879,0,28,0,計次(30元/6小時),-
茄萣區,平面,興達,大發路(興達觀光漁市旁),120.192958,22.868525,15,140,0,"大型車計次(100元/6小時)
小型車計次(50元/6小時)","俥亭停車事業股份有限公司/服務電話:(07)6989640/
履約期間:108.10.1-112.9.30"
茄萣區,平面,崎漏,濱海路一段與建興街交口,120.191209,22.873595,0,41,0,不收費,全盈光電有限公司維護管理/服務電話：0800-035-518/履約期間:111.9.1-121.7.31
茄萣區,平面,金興,金鑾路、仁愛路,120.184924,22.896045,0,149,0,計次(30元/6小時),-
路竹區,平面,竹東,中正路106號對面,120.262748,22.856146,0,34,0,計次(30元/6小時),-
路竹區,平面,延平,延平路170號旁,120.256633,22.858268,0,42,0,計次(30元/6小時),-
路竹區,平面,民富,民強街及民富街交叉口,120.262850,22.854027,0,34,37,計次(30元/6小時),環球大宇宙太陽能工業有限公司維護管理/服務電話：0980-889-269/履約期間:110.6.1-120.4.30
永安區,平面,烏樹林,永安路一巷，永安宮廣場隔壁,120.224527,22.817869,0,12,0,不收費,-
燕巢區,平面,燕北,中北路238巷27-1號對面,120.36253,22.796874,0,24,0,不收費,全盈光電有限公司維護管理/服務電話：0800-035-518/履約期間:111.9.1-121.7.31
岡山區,平面,岡山平面,岡山路&民有路口,120.296250,22.791792,0,177,59,計時(15元/半小時),竑穗興業股份有限公司/服務電話:(07)2239489/履約期間:110.10.1-115.9.30
岡山區,平面,岡山戶政旁,岡山路345巷1號旁,120.294407,22.797346,0,57,0,計次(30元/6小時),竑穗興業股份有限公司/服務電話:(07)2239489/履約期間:111.02.1-116.1.31
岡山區,平面,中華路圓環,中華路與民族路交岔口西北側,120.288066,22.793843,0,20,0,計次(30元/6小時),竑穗興業股份有限公司/服務電話:(07)2239489/履約期間:110.10.1-115.9.30
岡山區,平面,和平公園,大德一路、竹圍東路,120.303830,22.797501,0,22,0,計次(30元/6小時),竑穗興業股份有限公司/服務電話:(07)2239489/履約期間:110.10.1-115.9.30
彌陀區,平面,彌陀公園,中正西路與中正北路交叉口,120.246585,22.784430,0,33,13,計次(30元/6小時),-
橋頭區,平面,仕興,仕豐路信義巷75號對面,120.309650,22.749817,0,32,0,計次(30元/6小時),-
橋頭區,平面,建樹,中正路48巷19號旁,120.224527,22.817869,0,31,0,計次(30元/6小時),-
梓官區,平面,蚵仔寮,"A區：漁港一路&港七街口旁(漁市場對面)(94格)
B區：中正路75號後方(全聯後面)(36格)
C區：嘉好路26巷385弄口(7格)",120.255335,22.727433,0,163,72,A區計時(15元/半小時),"A區：竑穗興業股份有限公司/服務電話:(07)2239489/履約期間:108.8.6-113.7.31
B區：全聯實業無償公益認養
C區：-"
楠梓區,平面,歡樂17,軍校路&後昌路837巷口旁,120.292951,22.710270,0,36,22,計時(15元/半小時),竑穗興業股份有限公司/服務電話:(07)2239489/履約期間:107.6.1-112.5.31
楠梓區,平面,廣昌,右昌忠義9巷&廣昌街113巷,120.285434,22.705880,0,57,68,計次(30元/6小時),宜舍企業股份有限公司/服務電話：5314002/履約期間:111.5.1-112.6.30
楠梓區,平面,立民,立民路、立仁路,120.336768,22.742243,0,32,0,計次(30元/6小時),竑穗興業股份有限公司/服務電話:(07)2239489/履約期間:110.9.1-115.8.31
楠梓區,平面,常德,常順路、常德街32巷,120.336679,22.731953,0,30,0,計次(30元/6小時),竑穗興業股份有限公司/服務電話:(07)2239489/履約期間:110.9.1-115.8.31
楠梓區,平面,常順,常順路32巷、當興街115巷,120.337002,22.732167,0,78,0,計次(30元/6小時),竑穗興業股份有限公司/服務電話:(07)2239489/履約期間:110.9.1-115.8.31
楠梓區,平面,青埔,青埔街50巷,120.323657,22.729683,0,39,16,計次(30元/6小時),竑穗興業股份有限公司/服務電話:0800-208-333；((07)225-3643/履約期間:110.8.1-115.7.31
楠梓區,平面,清豐,土庫二路與清豐三路口,120.327289,22.737587,0,44,92,計次(30元/6小時),竑穗興業股份有限公司/服務電話:0800-208-333；((07)225-3643/履約期間:110.8.1-115.7.31
楠梓區,平面,楠梓運動場,東寧路、楠裕街口,120.331818,22.732346,0,143,0,計次(30元/6小時),竑穗興業股份有限公司/服務電話:(07)2239489/履約期間:110.9.1-115.8.31
楠梓區,平面,樂群,樂群路、加宏路,120.296781,22.718470,0,34,0,計次(30元/6小時),竑穗興業股份有限公司/服務電話:0800-208-333；((07)225-3643/履約期間:110.8.1-115.7.31
楠梓區,平面,三山,三山街、福興街,120.282675,22.715993,0,99,0,計次(30元/6小時),竑穗興業股份有限公司/服務電話:(07)2239489/履約期間:110.9.1-115.8.31
楠梓區,平面,惠民,惠民路、壽豐路間,120.294092,22.723361,0,63,68,計次(30元/6小時),竑穗興業股份有限公司/服務電話:(07)2239489/履約期間:110.9.1-115.8.31
楠梓區,平面,加昌,加昌路、軍校路880巷31弄,120.292831,22.712932,0,96,0,計次(30元/6小時),竑穗興業股份有限公司/服務電話:0800-208-333；((07)225-3643/履約期間:110.8.1-115.7.31
楠梓區,平面,後昌,後昌路862-1號旁,120.294523,22.712423,0,13,10,計時(15元/半小時),竑穗興業股份有限公司/服務電話:0800-208-333；((07)225-3643/履約期間:110.8.1-115.7.31
楠梓區,平面,大昌,右昌街79巷、右昌街79巷132弄交叉口,120.288766,22.707539,0,13,0,計次(30元/6小時),日月亭股份有限公司/服務電話:(07)235-1637/履約期間:111.1.1-115.12.31
楠梓區,平面,都會公園,德民路、高楠公路、監理南街,120.320034,22.731411,36,287,281,計次(30元/6小時),日月亭股份有限公司/服務電話:(07)235-1637/履約期間:111.1.1-115.12.31
楠梓區,平面,高楠公路,高楠公路1872巷,120.321049,22.732453,0,99,0,計次(30元/6小時),日月亭股份有限公司/服務電話:(07)235-1637/履約期間:111.1.1-115.12.31
楠梓區,平面,智昌,智昌街、勇昌街,120.287700,22.720846,0,83,0,計次(30元/6小時),-
楠梓區,平面,清安,清安街29號旁,120.338605,22.737417,0,58,11,計次(30元/6小時),-
楠梓區,平面,惠豐,加昌路18巷,120.321295,22.725562,0,44,0,計次(30元/6小時),日月亭股份有限公司/服務電話:(07)235-1637/履約期間:111.6.1-116.5.31
左營區,平面,微笑,自由三路161號對面,120.311184,22.671386,0,145,0,計次(30元/6小時),日月亭股份有限公司/服務電話：(07)350-4375/履約期限:109.10.1-114.9.30
左營區,平面,富民,富民路&太原街口旁,120.305613,22.667631,0,38,0,計時(15元/半小時),竑穗興業股份有限公司/服務電話:(07)223-9489/履約期間:107.6.1-112.5.31
左營區,平面,龍華,大順一路&龍德新路口旁,120.310953,22.655956,0,75,0,計次(30元/6小時),竑穗興業股份有限公司/服務電話:(07)2239489/履約期間:108.10.1-113.7.31
左營區,平面,曾子,自由三路與曾子路路口,120.312769,22.676598,0,37,0,計次(30元/6小時),日月亭股份有限公司/服務電話:(07)235-1637/履約期間:111.1.1-115.12.31
左營區,平面,東門,翠華路601巷&城峰路口旁,120.290112,22.674278,0,42,0,計次(30元/6小時),翔赫企業有限公司/服務電話:0937626880/履約期間:108.5.1-113.4.30
左營區,平面,左營站前,站前路&站前南路口,120.305205,22.686938,25,248,500,"機車每日每次15元
小型車計時(15元/半小時)
大型車計時(30元/半小時)",日月亭股份有限公司/服務電話：(07)350-4375/履約期限:109.12.1-114.11.30
左營區,平面,左營大路,左營大路&左營大路672巷&菜公路與左營下路,120.298629,22.691753,0,166,0,計次(30元/6小時),台灣普客二四股份有限公司/服務電話:0800-888924/履約期間:106.12.1-112.11.30
左營區,平面,重平,重平路、華夏路口,120.310609,22.685068,0,54,0,計時(15元/半小時),五都停車場股份有限公司/服務電話﹕0923-970000/履約期間:110.2.01-115.1.31
左營區,平面,重和,重和路、華夏路口,120.311382,22.685519,0,160,0,計時(15元/半小時),五都停車場股份有限公司/服務電話﹕0923-970000/履約期間:110.2.01-115.1.31
左營區,平面,華夏,華夏路、曾子路,120.305962,22.680966,0,36,0,計時(15元/半小時),竑穗興業股份有限公司/服務電話:(07)2239489/履約期間:110.10.1-115.9.30
左營區,平面,文水,文水路、華夏路,120.306211,22.681092,0,93,0,計時(15元/半小時),竑穗興業股份有限公司/服務電話:(07)2239489/履約期間:110.10.1-115.9.30
左營區,平面,辛亥,裕誠路、辛亥路,120.310052,22.664795,0,43,0,計時(15元/半小時),竑穗興業股份有限公司/服務電話:(07)2239489/履約期間:110.11.1-115.10.31
左營區,平面,環潭,環潭路332之1號旁,120.299988,22.686159,0,32,0,計次(30元/6小時),竑穗興業股份有限公司/服務電話:(07)2239489/履約期間:111.1.1-115.12.31
左營區,平面,海光,勝利路、新莊仔路口,120.292626,22.678690,40,73,71,"大型車：計次(60元/6小時)
小型車：計次(30元/6小時)",竑穗興業股份有限公司/服務電話:(07)2239489/履約期間:110.11.1-115.10.31
左營區,平面,榮光,榮光街、榮總路,120.321603,22.684962,0,26,24,計時(15元/半小時),竑穗興業股份有限公司/服務電話:(07)2239489/履約期間:110.11.1-115.10.31
左營區,平面,果貿市場,翠華路、中華一路,120.288109,22.668348,0,13,0,計次(30元/6小時),竑穗興業股份有限公司/服務電話:(07)2239489/履約期間:110.11.1-115.10.31
左營區,平面,左營北站,左營大路、進學路,120.295380,22.690465,0,54,0,計次(30元/6小時),-
左營區,平面,舊左營國中,新庄子路、勝利路,120.293234,22.677951,0,142,0,計次(30元/6小時),-
左營區,平面,埤子頭,左營大路6巷81號對面,120.289508,22.680342,0,46,0,計時(15元/半小時),竑穗興業股份有限公司/服務電話:(07)2239489/履約期間:110.6.1-116.4.30
鼓山區,平面,華泰,華泰路&華泰路211巷路口,120.293023,22.669561,0,32,0,計時(15元/半小時),竑穗興業股份有限公司/服務電話:(07)2239489/履約期間:106.12.26-111.12.25
鼓山區,平面,前峰,內惟路&銘傳路口旁,120.282337,22.666703,0,65,0,計次(30元/6小時),和雲行動服務股份有限公司/服務電話:0800-024550；(02)25171453/履約期間:108.7.1-111.9.30
鼓山區,平面,河川,河川街&綠川街口,120.283772,22.635222,0,22,11,計次(30元/6小時),阜爾運通股份有限公司/服務電話：(07)223-9489/履約期間：109.7.1-112.6.30
鼓山區,平面,濱海,濱海二路&臨海二路,120.269812,22.623975,0,26,36,"平日：計時(15元/半小時)
假日：計時20元/半小時",阜爾運通股份有限公司/服務電話：(07)223-9489/履約期間：109.7.1-112.6.30
鼓山區,平面,臨海二路,臨海二路&捷興街口,120.274466,22.621335,0,12,30,"平日：計時(15元/半小時)
假日：計時20元/半小時",阜爾運通股份有限公司/服務電話：(07)223-9489/履約期間：109.7.1-112.6.30
鼓山區,平面,哨船,哨船街85號&哨船街80-3號,120.269215,22.623574,0,21,9,"平日：計時(15元/半小時)
假日：計時20元/半小時",阜爾運通股份有限公司/服務電話：(07)223-9489/履約期間：109.7.1-112.6.30
鼓山區,平面,龍德,龍德新路&新德路口,120.304694,22.654402,0,39,0,"平日：計時(15元/半小時)
假日：計時20元/半小時",阜爾運通股份有限公司/服務電話：(07)223-9489/履約期間：109.7.1-112.6.30
鼓山區,平面,南鼓山,臨海二路&捷興二街,120.274630,22.621624,0,28,0,"平日：計時(15元/半小時)
假日：計時20元/半小時",阜爾運通股份有限公司/服務電話：(07)223-9489/履約期間：109.7.1-112.6.30
鼓山區,平面,裕興,中華一路29巷20弄、近中華一路,120.290198,22.667319,0,22,0,計次(30元/6小時),-
鼓山區,平面,廣三,鼓山一路,120.274421,22.620612,0,9,0,"平日：計次(30元/6小時)
假日：計時(15元/半小時)",-
鼓山區,平面,厚泰,九如四路、厚安街口,120.279546,22.645825,0,61,0,不收費,-
鼓山區,平面,柴山機車,青泉街、青泉街126巷口,120.274536,22.654128,0,0,150,不收費,-
三民區,平面,民族一路,民族一路、九如二路(民族陸橋下西側),120.31379,22.639833,0,110,12,計時(15元/半小時),日月亭股份有限公司/服務電話:(07)380-7433/履約期間:109.10.1-114.9.30
三民區,平面,臥龍,九如一路&臥龍路口旁,120.329918,22.638336,0,28,0,計時(15元/半小時),竑穗興業股份有限公司/服務電話:(07)2239489/履約期間:108.8.1-113.7.31
三民區,平面,明仁,明仁路&明吉路口旁,120.313188,22.662663,0,111,0,計時(15元/半小時),日月亭股份有限公司/服務電話:(07)7161838/履約期間:107.12.1-110.11.30
三民區,平面,陽明,陽明路&義華路口旁,120.342197,22.642932,0,48,0,計時(15元/半小時),寶盛國際股份有限公司/服務電話:(02)26550818/履約期間:108.6.1-113.5.31
三民區,平面,正興,正興路&正興路163巷口旁,120.319689,22.646561,0,139,46,計次(30元/6小時),竑穗興業股份有限公司/服務電話:(07)2239489/履約期間:108.3.1-113.3.31
三民區,平面,澄東,文安南街&褒揚東街口旁,120.346381,22.640290,0,127,0,計時(15元/半小時),寶盛國際股份有限公司/服務電話:(02)26550818/履約期間:108.6.1-113.5.31
三民區,平面,寶華,陽明路16巷內,120.342022,22.637446,0,91,46,計時(15元/半小時),日月亭股份有限公司/服務電話:(07)235-1637/履約期間:111.1.1-115.12.31
三民區,平面,本和,鼎勇街&大園街口旁,120.325242,22.657448,0,153,0,計次(30元/6小時),日月亭股份有限公司/服務電話:(07)380-7433/履約期間:111.04.1-112.5.31
三民區,平面,金鼎,金山路&金山路18巷,120.326025,22.66334,0,36,0,計次(30元/6小時),日月亭股份有限公司/服務電話:(07)380-7433/履約期間:109.11.1-112.5.31
三民區,平面,鼎泰,裕誠路、鼎瑞街,120.315139,22.663858,0,62,83,計時(15元/半小時),竑穗興業股份有限公司/服務電話:(07)2239489/履約期間:110.9.1-115.8.31
三民區,平面,金山,金山路、金山路360巷,120.318690,22.661921,0,8,17,計時(15元/半小時),竑穗興業股份有限公司/服務電話:(07)2239489/履約期間:110.9.1-115.8.31
三民區,平面,三民二號公園,同協路、安東街口,120.295634,22.648421,0,51,25,計次(30元/6小時),竑穗興業股份有限公司/服務電話:(07)2239489/履約期間:110.9.1-115.8.31
三民區,平面,皓東,正忠路&皓東路17巷口,120.331212,22.648507,0,89,0,計次(30元/6小時),阜爾運通股份有限公司/服務電話：(07)223-9489/履約期間：109.7.1-112.6.30
三民區,平面,金獅湖,鼎金一巷,120.328285,22.665892,0,37,42,計次(30元/6小時),阜爾運通股份有限公司/服務電話：(07)223-9489/履約期間：109.7.1-112.6.30
三民區,平面,龍江公園,龍江街、復興一路口,120.308364,22.639894,0,29,47,計時(15元/半小時),日月亭股份有限公司/服務電話:(07)235-1637/履約期間:111.1.1-115.12.31
仁武區,平面,竹後,水管路北側、竹後社區活動中心旁,120.337235,22.706409,0,36,0,計次(30元/6小時),和雲行動服務股份有限公司/服務電話:(07)3461515/履約期間:109.4.1-114.3.31
仁武區,平面,八卦里,永仁街、永新二街,120.332101,22.682962,0,60,24,計次(30元/6小時),竑穗興業股份有限公司/服務電話:(07)2239489/履約期間:110.10.1-115.9.30
仁武區,平面,澄德段停一,八德東路與京吉6路,120.341440,22.685134,0,114,0,計次(30元/6小時),竑穗興業股份有限公司/服務電話:(07)2239489/履約期間:110.11.1-115.9.30
仁武區,平面,仁和公園,仁和公園內,120.352465,22.680995,0,55,0,計次(30元/6小時),竑穗興業股份有限公司/服務電話:(07)2239489/履約期間:110.10.1-115.9.30
仁武區,平面,慈惠,赤仁路60號對面,120.347985,22.675948,0,59,0,計次(30元/6小時),日月亭股份有限公司/服務電話:(07)235-1637/履約期間:111.1.1-115.12.31
仁武區,平面,八德小型車,八德南路與京吉一路口,120.340232,22.680970,0,122,0,計次(30元/6小時),竑穗興業股份有限公司/服務電話:(07)2239489/履約期間:110.10.1-115.9.30
仁武區,平面,八德大型車,八德南路&澄觀路口旁,120.340526,22.680336,79,0,0,大型車計次60元/6小時,辰淵企業份有限公司/服務電話：0928322201/履約期間:111.3.1-112.6.30
仁武區,平面,澄觀大型車,八德西路&京富路口旁(澄觀派出所旁),120.330974,22.677131,149,10,0,"大型車計次(60元/6小時)
小型車計次(30元/6小時)",蔚穩有限公司/服務電話:(07)3808719；0963066773/履約期間:107.7.1-112.6.30
仁武區,平面,仁慈公園,仁慈公園旁,120.359018,22.671833,0,35,0,計次(30元/6小時),-
仁武區,平面,"澄仁
(仁雄段停十一)",澄仁路56巷旁,120.345208,22.679218,0,40,48,計次(30元/6小時),-
仁武區,平面,"慈惠六街
(育才公21)",慈惠六街,120.351436,22.674312,0,119,0,計次(30元/6小時),-
仁武區,平面,金鼎段停九,大豐路及大春路口,120336655,22.676219,0,81,0,計次(30元/6小時),全盈光電有限公司維護管理/服務電話：0800-035-518/履約期間:111.9.1-121.7.31
仁武區,平面,澄合段停九,八德東路上（笙曜企業有限公司「仁武廠」隔壁）,120.347113,22.687720,0,59,0,計次(30元/6小時),全盈光電有限公司維護管理/服務電話：0800-035-518/履約期間:111.9.1-121.7.31
新興區,平面,忠孝一路,中正三路&忠孝一路,120.306104,22.630911,0,40,7,計時(15元/半小時),日月亭股份有限公司/服務電話:(07)235-1637/履約期間:109.11.1-112.5.31
新興區,平面,復興二路,復興二路&近新田路,120.308460,22.624370,0,100,0,計時(15元/半小時),日月亭股份有限公司/服務電話:(07)235-1637/履約期間:109.11.1-112.5.31
新興區,平面,錦田機車,中正三路&錦田路,120.310186,22.631477,0,0,124,不收費,-
前金區,平面,成功機車,成功一路&前金二街,120.292778,22.627100,0,0,60,不收費,-
前金區,平面,六合夜市,六合二路&瑞源路,120.297210,22.631336,14,35,0,"大型車計時30元/半小時
小型車計時(15元/半小時)",日月亭股份有限公司/服務電話:(07)531-4002/履約期間:109.11.1-114.10.31
前金區,平面,自強三路,自強三路&光明街,120.297242,22.620724,0,50,0,"平日：計時(15元/半小時)
假日：計時(20元/半小時)",阜爾運通股份有限公司/服務電話：(07)223-9489/履約期間：109.7.1-112.6.30
鹽埕區,平面,公園,公園路&大義街,120.285361,22.619660,30,346,251,"小型車平日：計次(50元/6小時)
小型車假日：計時(15元/半小時)
大客車：計時(30元/半小時)",阜爾運通股份有限公司/服務電話：(07)223-9489/履約期間：109.7.1-112.6.30
苓雅區,平面,苓中,苓雅一路&文橫二路,120.305089,22.619044,0,69,47,"平日：計時(15元/半小時)
假日：計時(20元/半小時)",阜爾運通股份有限公司/服務電話：(07)223-9489/履約期間：109.7.1-112.6.30
苓雅區,平面,輔仁,輔仁路&輔仁路89巷,120.332024,22.625397,0,27,46,計次(30元/6小時),阜爾運通股份有限公司/服務電話：(07)223-9489/履約期間：109.7.1-112.6.30
苓雅區,平面,允文,允文街&永明街,120.294856,22.618606,0,13,16,計時(15元/半小時),竑穗興業股份有限公司/服務電話:(07)225-3643或0800-500-568/履約期間:110.9.1-115.8.31
苓雅區,平面,福裕,福德三路&福德三路133巷,120.327201,22.622703,0,114,0,計次(30元/6小時),竑穗興業股份有限公司/服務電話:(07)225-3643或0800-500-568/履約期間:110.9.1-115.8.31
苓雅區,平面,英明,英明路&英明路163巷,120.324380,22.617353,0,96,32,計時(15元/半小時),日月亭股份有限公司/服務電話:(07)235-1637/履約期間:109.11.1-114.10.31
苓雅區,平面,同慶,凱旋路&同慶路,120.322928,22.627924,0,111,94,計次(30元/6小時),竑穗興業股份有限公司/服務電話:(07)225-3643或0800-500-568履約期間:110.12.1-115.11.30
苓雅區,平面,金馬,三多一路&輔仁路,120.333710,22.623718,13,178,28,"大型車計時(30元/半小時)
小型車計次(30元/6小時)",竑穗興業股份有限公司/服務電話:(07)225-3643或0800-500-568履約期間:110.10.1-115.09.30
苓雅區,平面,林德官,廣州一街&廣東一街3巷&三多二路&和平一路11巷&和平一路39巷,120.319217,22.618869,0,228,24,計時(15元/半小時),日月亭股份有限公司/服務電話:(07)235-1637/履約期間:109.10.1-114.9.30
苓雅區,平面,正德,福德二路264巷&建國一路140巷25弄,120.328900,22.635300,0,14,0,計次(30元/6小時),和雲行動服務股份有限公司/服務電話:0800-024550；(02)25171453/履約期間:109.9.16-114.9.15
苓雅區,平面,福德,建國一路&福德二路,120.328076,22.632876,0,35,55,計時(15元/半小時),日月亭股份有限公司/服務電話:(07)235-1637/履約期間:109.11.1-114.10.31
苓雅區,平面,樂仁,樂仁路125巷6弄&大順三路305巷,120.325241,22.636993,0,24,0,計時(15元/半小時),-
苓雅區,平面,建軍,三多一路&建軍路,120.342225,22.626156,0,46,22,計時(15元/半小時),-
苓雅區,平面,正憲,憲政路242巷&安康路20巷,120.321546,22.637120,0,52,0,計次(30元/6小時),-
鳳山區,平面,竹子腳,瑞竹路&瑞順街,120.368627,22.628503,0,17,0,計次(30元/6小時),竑穗興業股份有限公司/服務電話:(07)225-3643或0800-500-568/履約期間:110.8.1-115.7.31
鳳山區,平面,二聖,二聖路&凱旋三路,120.328228,22.612103,0,120,0,計次(30元/6小時),竑穗興業股份有限公司/服務電話:(07)225-3643或0800-500-568/履約期間:110.8.1-115.7.31
鳳山區,平面,鳳山田中央,鳳頂路&田中央路,120.359333,22.594589,0,28,10,計次(30元/6小時),中工公寓大廈管理維護有限公司/服務電話:0800-618198/履約期間:108.8.19-113.8.31
鳳山區,平面,"鳳山行政中心
西側",光復路二段&建軍路口,120.342210,22.629510,0,317,186,計時(15元/半小時),俥亭停車事業股份有限公司/服務電話:(07)7161838/履約期間:108.1.1-112.12.31
鳳山區,平面,五甲,國光路65巷&國光路,120.350750,22.619419,0,45,0,計次(30元/6小時),和雲行動服務股份有限公司/服務電話:0800-024550；(02)25171453/履約期間:109.10.1-114.9.30
鳳山區,平面,五甲社區,國富路&國富路21巷口北側,120.350329,22.615336,0,176,0,計次(30元/6小時),竑穗興業股份有限公司/服務電話:(07)225-3643或0800-500-568/履約期間:108.4.1-113.3.31
鳳山區,平面,五甲七老爺,五甲二路105巷&五甲二路149巷,120.341213,22.600308,22,77,0,"大型車計時30元/半小時
小型車計時(15元/半小時)",竑穗興業股份有限公司/服務電話:(07)225-3643或0800-500-568/履約期間:108.7.31-113.7.31
鳳山區,平面,北昌路,北昌二街&北昌路,120.372430,22.645779,0,106,67,計次(30元/6小時),阜爾運通股份有限公司/服務電話：(07)223-9489/履約期間：109.7.1-112.6.30
鳳山區,平面,鳳陽,瑞智街&瑞大街,120.370014,22.631674,0,37,20,計次(30元/6小時),阜爾運通股份有限公司/服務電話：(07)223-9489/履約期間：109.7.1-112.6.30
鳳山區,平面,國泰青年,光華路&協利街,120.348597,22.623721,0,514,0,計次(30元/6小時),阜爾運通股份有限公司/服務電話：(07)223-9489/履約期間：109.7.1-112.6.30
鳳山區,平面,中崙,中崙二路&中崙三路,120.352514,22.603646,0,150,0,計次(30元/6小時),阜爾運通股份有限公司/服務電話：(07)223-9489/履約期間：109.7.1-112.6.30
鳳山區,平面,鳳甲,鳳甲二街&過埤路,120.343114,22.596350,0,80,0,計次(30元/6小時),阜爾運通股份有限公司/服務電話：(07)223-9489/履約期間：109.7.1-112.6.30
鳳山區,平面,頂新,頂庄路&頂新五街,120.364971,22.588327,0,26,0,計次(30元/6小時),阜爾運通股份有限公司/服務電話：(07)223-9489/履約期間：109.7.1-112.6.30
鳳山區,平面,頂明,頂庄路&頂明路,120.355031,22.588619,0,56,0,計次(30元/6小時),阜爾運通股份有限公司/服務電話：(07)223-9489/履約期間：109.7.1-112.6.30
鳳山區,平面,南成,南和一路&和成路,120.338333,22.590557,0,73,0,計次(30元/6小時),阜爾運通股份有限公司/服務電話：(07)223-9489/履約期間：109.7.1-112.6.30
鳳山區,平面,福誠,福誠三街&福誠五街,120.323369,22.593667,0,46,52,計次(30元/6小時),阜爾運通股份有限公司/服務電話：(07)223-9489/履約期間：109.7.1-112.6.30
鳳山區,平面,瑞興,瑞光路&瑞光街,120.3706121,22.6311808,0,237,0,計次(30元/6小時),和雲行動服務股份有限公司/服務電話:0800-024550；(02)25171453/履約期間:109.6.1-116.11.30
鳳山區,平面,忠誠,鳳北路&鳳北路108巷&北榮街61巷,120.367006,22.641438,0,20,10,計次(30元/6小時),-
鳳山區,平面,黃埔新村,中山東路&維武路,120.364648,22.620390,0,49,0,計次(30元/6小時),-
鳳山區,平面,鳳頂,鳳頂路&過埤路,120.358715,22.590625,0,64,30,計次(30元/6小時),環球大宇宙太陽能工業有限公司維護管理/服務電話：0980-889-269/履約期間:110.6.1-120.4.30
鳳山區,平面,捷運鳳山站機車,捷運鳳山站1號旁,120.356273,22.625852,0,0,172,不收費,-
鳳山區,平面,捷運鳳山國中站機車,捷運鳳山國中站1號出口旁,120.370932,22.624442,0,0,294,不收費,-
鳳山區,平面,鳳山轉運站機車,鳳山轉運站北側&大東公園西側,120.364151,22.625697,0,0,102,不收費 ,-
鳳山區,平面,五甲停二機車,國光路&國昌路,120.353128,22.618451,0,0,42,不收費 ,-
鳳山區,平面,五甲停三機車,凱旋路&凱旋路341巷,120.347144,22.614674,0,0,91,不收費 ,-
鳥松區,平面,勞工公園,長庚路北側,120.358506,22.650639,0,198,292,計時(15元/半小時),和雲行動服務股份有限公司/服務電話:0800-024550；(02)25171453/履約期間:109.4.1-114.3.31
鳥松區,平面,永興,本華路&永善路口,120.340751,22.650987,0,45,0,計次(30元/6小時),竑穗興業股份有限公司/服務電話:(07)225-3643或0800-500-568履約期間:110.10.1-115.09.30
鳥松區,平面,觀湖,公園路&近山明街(消防隊旁),120.360088,22.655457,0,80,0,計次(30元/6小時),阜爾運通股份有限公司/服務電話：(07)223-9489/110.9.16-115.9.15
鳥松區,平面,澄清湖西側,澄清湖風景區大門左側,120.349278,22.653542,0,15,0,計次(30元/6小時),阜爾運通股份有限公司/服務電話：(07)223-9489/110.9.16-115.9.15
鳥松區,平面,神農,江埤路&美德二街,120.390184,22.652168,0,130,115,不收費,-
鳥松區,平面,育英,琅環二街&育成三街,120.358702,22.665936,0,52,0,不收費,-
鳥松區,平面,仁倉,美山路156號旁&神農路,120.391650,22.648870,8,16,0,不收費,-
鳥松區,平面,仁美,神農路&大同路(7-11對面斜坡),120.38101,22.657341,0,25,10,不收費,-
鳥松區,平面,松埔,松埔路37巷8弄及松埔路37巷,120.3823387,22.6607605,0,22,0,不收費,-
前鎮區,平面,君毅,正勤路旁(靠近君毅正勤社區之正勤路出入口),120.303816,22.602147,0,47,0,計次(30元/6小時),竑穗興業股份有限公司/服務電話:0800-208-333；((07)225-3643/履約期間:108.4.1-113.3.31
前鎮區,平面,英德,和平二路&英德街口旁,120.322347,22.613862,0,85,25,計時(15元/半小時),日月亭股份有限公司/服務電話:(07)380-7433/履約期間:111.4.1-112.05.31
前鎮區,平面,沱江,管仲路&沱江街口,120.311992,22.606672,0,78,0,計時(15元/半小時),國雲科技股份有限公司/服務電話：0800-779979/履約期間:107.4.16-111.7.15
前鎮區,平面,中山正勤,中山三路&正勤路口旁,120.308319,22.603870,0,63,215,計時(15元/半小時),日月亭股份有限公司/服務電話:(07)380-7433/履約期間:109.11.1-114.10.31
前鎮區,平面,中華正勤,正勤路、中華五路,120.307007,22.603428,4,58,0,"小型車計時(15元/半小時)
大型車計時(30元/半小時)",-
前鎮區,平面,明義,草衙二路與中平路口,120.324232,22.576667,0,32,0,計次(30元/6小時),-
前鎮區,平面,獅甲,復興三路近中華五路,120.303883,22.606232,0,46,17,計時(15元/半小時),-
前鎮區,平面,德昌,德昌路、同安路,120.317067,22.583756,0,43,16,計次(30元/6小時),-
前鎮區,平面,后安,后安路、天倫街,120.321956,22.573622,0,73,0,計次(30元/6小時),-
前鎮區,平面,向榮,向榮街、崇安街,120.331000,22.571564,0,17,0,計次(30元/6小時),-
前鎮區,平面,管仲,管仲路、光華三路,120.313771,22.604613,0,229,50,計次(30元/6小時),-
前鎮區,平面,光華,光華三路、ㄧ心一路203巷,120.316827,22.606806,0,212,0,計次(30元/6小時),-
前鎮區,平面,瑞北,瑞北路、瑞恩街,120.329566,22.608906,0,27,0,計次(30元/6小時),-
前鎮區,平面,瑞福,瑞福路、瑞安街口,120.335410,22.607753,0,55,26,計次(30元/6小時),-
前鎮區,平面,瑞豐,"A區：瑞福路瑞豐國小對面(14格)
B區：瑞泰街近瑞福路口(21格)",120.335810,22.606554,0,35,34,計次(30元/6小時),-
前鎮區,平面,瑞昌,瑞隆路190巷4弄、瑞福路口,120.335735,22.606381,0,11,0,計次(30元/6小時),-
前鎮區,平面,瑞泰,瑞泰街近瑞福路,120.335052,22.607057,0,26,0,計次(30元/6小時),-
前鎮區,平面,崗山仔公園,前鎮區瑞豐國小對面,120.3370114,22.6058779,,100,,計時(15元/半小時),-
前鎮區,平面,鎮興,凱旋四路、鎮興路口,120.311334,22.592822,0,65,0,計次(30元/6小時),-
前鎮區,平面,鎮賢,鎮賢街52巷旁,120.309262,22.589858,0,23,20,計次(30元/6小時),-
前鎮區,平面,鎮榮,鎮榮街、鎮華街,120.309770,22.588912,0,60,0,計次(30元/6小時),-
前鎮區,平面,時代大道,中華五路與時代大道口,120.308948,22.596406,0,48,0,計時(15元/半小時),-
前鎮區,平面,民權二路,民權二路、衡山街,120.313094,22.609261,0,47,0,計時(15元/半小時),-
前鎮區,平面,成功二路,成功二路、時代大道口,120.304855,22.595218,,63,31,計時(15元/半小時),-
前鎮區,平面,凱旋三路,凱旋三路與賢明路,120.325154,22.608440,0,24,22,計次(30元/6小時),-
前鎮區,平面,凱旋四路,中華五路、凱旋四路口,120.31161,22.59448,0,150,61,計時(15元/半小時),-
前鎮區,平面,捷運前鎮高中站機車,鎮中路、翠亨北路口,120.322356,22.587416,0,0,188,不收費,-
前鎮區,平面,新光,成功路高雄展覽館旁,120.299849,22.607547,69,911,578,"平日：大車計時（30元/半小時）,小車計時（15元/半小時）,機車計次（15元/日）
假日：大車計時（40元/半小時）,小車計時（20元/半小時）,機車計次（30元/日）",-
旗津區,平面,旗津老街,發祥街與旗津三路口,120.268098,22.610511,0,105,0,週一至週四計次(50元/6小時)；週五六日及國定假日計時(25元/半小時),-
旗津區,平面,旗津海岸,旗津海水浴場旁,120.269270,22.608677,22,92,0,"週一至週四：大車計次(100元/6小時)；小車計次（50元/6小時)
週五六日及國定假日：大車計時第1小時(50元/半小時)，第2小時起(100元/半小時)；小型車計時(25元/半小時)",-
旗津區,平面,中洲,中洲二路、中洲二路204號旁,120.291044,22.582749,0,23,40,週五六日計次(30元/6小時),-
旗津區,平面,中興市場,廣澤街、商港街,120.296518,22.573949,0,18,0,週五六日計次(30元/6小時),-
小港區,平面,松崗,松崗路、松崗路18巷,120.374217,22.574795,0,19,14,計次(30元/6小時),-
小港區,平面,中光,中光街、中光街22巷,120.355798,22.571586,0,25,0,計次(30元/6小時),-
小港區,平面,店北,店北路、店鳳街,120.351518,22.562744,0,21,0,計次(30元/6小時),-
小港區,平面,二苓,二苓路176巷,120.349662,22.566126,0,12,24,計次(30元/6小時),-
小港區,平面,華山,華山路、華仁街口,120.366209,22.568078,0,31,0,計次(30元/6小時),-
小港區,平面,鳳興,鳳盛街38號對面,120.348137,22.524321,0,17,0,不收費,-
小港區,平面,龍鳳,龍鳳街、朝福街,120.357175,22.513435,0,30,0,不收費,-
小港區,平面,小港鳳陽,鳳陽街18巷及6巷間,120.370225,22.562484,0,20,0,不收費,-
小港區,平面,港興社區,小港路90巷3弄、120巷,120.342104,22.566490,0,45,0,計次(30元/6小時),-
小港區,平面,平和,平和路、平和南路,120.335809,22.562514,0,46,0,計次(30元/6小時),"環球大宇宙太陽能工業有限公司維護管理/服務電話：0980-889-269/履約期間:110.6.1-120.4.30
履約期間:110.6.1-120.4.30"
小港區,平面,高坪,"A區：高坪7路、高坪22路
B區：高坪23路、高坪32街","120.388886
120.381135","22.561164
22.556462",0,89,0,不收費,全盈光電有限公司維護管理/服務電話：0800-035-518/履約期間:111.9.1-121.7.31
大寮區,平面,仁德116,大寮地政對面,120.394308,22.601793,0,145,103,不收費,全盈光電有限公司維護管理/服務電話：0800-035-518/履約期間:111.9.1-121.7.31
大寮區,平面,大寮停二,中山高級工商職業學校對面,120.394308,22.601793,44,130,0,"大型車計時(30元/半小時)
小型車計時(15元/半小時)",竑穗興業股份有限公司/服務電話:0800-208-333；((07)225-3643/履約期間:110.7.1-115.12.31
林園區,平面,林園田中央,東林西路249巷,120.388879,22.501031,0,45,0,不收費,"尚發營造股份有限公司無償公益認養/
期間:110.5.20-112.12.31"
